"","text","stringAsFactors"
"1","tetap waspada terhadap virus covid disiplin jaga prokes yuk covid covid covidvacccine vaksìncovid vaksìnasicovid vaksìnbooster ",FALSE
"2","kasus covid meningkat ayo segera lengkapi vaksin untuk perlindungan tubuh  covid covid covidvacccine vaksìncovid vaksìnbooster ",FALSE
"3","pelayanan vaksinasi covid rsup persahabatan per  november   kemenkesri  vaksìncovid ",FALSE
"4","covid sedang naik tetap jaga prokes  vaksìnbooster vaksìnbooster lawanviruskorona indonesiasehatekonomibangkit vaksìncovid prokes prokescovid protokolkesehatancovid ",FALSE
"5","jangan lupa utk vaksin  vaksìnbooster vaksìnbooster lawanviruskorona indonesiasehatekonomibangkit vaksìncovid prokes prokescovid protokolkesehatancovid ",FALSE
"6","vaksinasi terbukti efektif menjaga bahkan meningkatkan kekebalan tubuh ayokitavaksin ayovaksìncovid vaksìnbooster vaksìncovid vaksinasicovid vaksinaman bersatulawancovid bersamalawancorona polrestabanan ",FALSE
"7","vaksinasi terbukti efektif menjaga bahkan meningkatkan kekebalan tubuh ayokitavaksin ayovaksìncovid vaksìnbooster vaksìncovid vaksinasicovid vaksinaman bersatulawancovid bersamalawancorona polrestabanan ",FALSE
"8","vaksinasi terbukti efektif menjaga bahkan meningkatkan kekebalan tubuh ayokitavaksin ayovaksìncovid vaksìnbooster vaksìncovid vaksinasicovid vaksinaman bersatulawancovid bersamalawancorona polrestabanan ",FALSE
"9","vaksinasi terbukti efektif menjaga bahkan meningkatkan kekebalan tubuh ayokitavaksin ayovaksìncovid vaksìnbooster vaksìncovid vaksinasicovid vaksinaman bersatulawancovid bersamalawancorona polrestabanan ",FALSE
"10","vaksinasi terbukti efektif menjaga bahkan meningkatkan kekebalan tubuh ayokitavaksin ayovaksìncovid vaksìnbooster vaksìncovid vaksinasicovid vaksinaman bersatulawancovid bersamalawancorona polrestabanan ",FALSE
"11","vaksinasi terbukti efektif menjaga bahkan meningkatkan kekebalan tubuh ayokitavaksin ayovaksìncovid vaksìnbooster vaksìncovid vaksinasicovid vaksinaman bersatulawancovid bersamalawancorona polrestabanan ",FALSE
"12","vaksinasi terbukti efektif menjaga bahkan meningkatkan kekebalan tubuh ayokitavaksin ayovaksìncovid vaksìnbooster vaksìncovid vaksinasicovid vaksinaman bersatulawancovid bersamalawancorona polrestabanan ",FALSE
"13","vaksinasi terbukti efektif menjaga bahkan meningkatkan kekebalan tubuh ayokitavaksin ayovaksìncovid vaksìnbooster vaksìncovid vaksinasicovid vaksinaman bersatulawancovid bersamalawancorona polrestabanan ",FALSE
"14","vaksinasi terbukti efektif menjaga bahkan meningkatkan kekebalan tubuh ayokitavaksin ayovaksìncovid vaksìnbooster vaksìncovid vaksinasicovid vaksinaman bersatulawancovid bersamalawancorona polrestabanan ",FALSE
"15","vaksinasi booster adalah cara atasi pandemi covid ayokitavaksin ayovaksìncovid vaksìnbooster vaksìncovid vaksinasicovid vaksinaman bersatulawancovid bersamalawancorona polrestabanan ",FALSE
"16","cegah varian xbb dengan lengkapi vaksin covid  vaksin vaksìncovid vaksìnbooster ",FALSE
"17","vaksinasi booster adalah cara atasi pandemi covid ayokitavaksin ayovaksìncovid vaksìnbooster vaksìncovid vaksinasicovid vaksinaman bersatulawancovid bersamalawancorona polrestabanan ",FALSE
"18","vaksinasi booster adalah cara atasi pandemi covid ayokitavaksin ayovaksìncovid vaksìnbooster vaksìncovid vaksinasicovid vaksinaman bersatulawancovid bersamalawancorona polrestabanan ",FALSE
"19","vaksinasi booster adalah cara atasi pandemi covid ayokitavaksin ayovaksìncovid vaksìnbooster vaksìncovid vaksinasicovid vaksinaman bersatulawancovid bersamalawancorona polrestabanan ",FALSE
"20","vaksinasi booster adalah cara atasi pandemi covid ayokitavaksin ayovaksìncovid vaksìnbooster vaksìncovid vaksinasicovid vaksinaman bersatulawancovid bersamalawancorona polrestabanan ",FALSE
"21","vaksinasi booster adalah cara atasi pandemi covid ayokitavaksin ayovaksìncovid vaksìnbooster vaksìncovid vaksinasicovid vaksinaman bersatulawancovid bersamalawancorona polrestabanan ",FALSE
"22","vaksinasi booster adalah cara atasi pandemi covid ayokitavaksin ayovaksìncovid vaksìnbooster vaksìncovid vaksinasicovid vaksinaman bersatulawancovid bersamalawancorona polrestabanan ",FALSE
"23","vaksinasi booster adalah cara atasi pandemi covid ayokitavaksin ayovaksìncovid vaksìnbooster vaksìncovid vaksinasicovid vaksinaman bersatulawancovid bersamalawancorona polrestabanan ",FALSE
"24","vaksinasi booster adalah cara atasi pandemi covid ayokitavaksin ayovaksìncovid vaksìnbooster vaksìncovid vaksinasicovid vaksinaman bersatulawancovid bersamalawancorona polrestabanan ",FALSE
"25","vaksinasi booster adalah cara atasi pandemi covid ayokitavaksin ayovaksìncovid vaksìnbooster vaksìncovid vaksinasicovid vaksinaman bersatulawancovid bersamalawancorona polrestabanan ",FALSE
"26","sobat humas polri  dukung percepatan vaksinasi booster di ntt personel polda ntt kawal vvip kedatangan satu koli vaksin pfiser  polripresisi humaspoldantt tribratanewsntt vaksìncovid corona ",FALSE
"27","saksikan siaran ulang pembahasan bersama ketua umum hippindo bapak budihardjo iduansjah sesi hari ini pukul  wib di    hippindo cnbc cnbcindonesia covid booster vaksin vaksincovid vaksìnbooster ritel indonesia",FALSE
"28","bhabinkamtibmas kalurahan katongan aiptu suparyoto bersama babinsa melaksanakan monitoring pelaksanaan vaksinasi covid  di padukuhan klegung kalurahan katongan yang diadakan oleh puskesmas nglipar   bhabinkamtibmaspoldadiy  vaksìncovid  ayovaksìncovid   ",FALSE
"29","kasus covid meningkat lagi  tetap jaga prokes dan lengkapi vaksinasinya ya  covid covidvacccine vaksìncovid booster ",FALSE
"30","atasi pandemi tuntaskan vaksinasi booster covid ayokitavaksin ayovaksìncovid vaksìnbooster vaksìncovid vaksinasicovid vaksinaman bersatulawancovid bersamalawancorona polrestabanan ",FALSE
"31","atasi pandemi tuntaskan vaksinasi booster covid ayokitavaksin ayovaksìncovid vaksìnbooster vaksìncovid vaksinasicovid vaksinaman bersatulawancovid bersamalawancorona polrestabanan ",FALSE
"32","atasi pandemi tuntaskan vaksinasi booster covid ayokitavaksin ayovaksìncovid vaksìnbooster vaksìncovid vaksinasicovid vaksinaman bersatulawancovid bersamalawancorona polrestabanan ",FALSE
"33","covid lagi naik perketat prokes  vaksìnbooster vaksìnbooster lawanviruskorona indonesiasehatekonomibangkit vaksìncovid prokes prokescovid protokolkesehatancovid ",FALSE
"34","ayo bersama lawan covid  vaksìnbooster vaksìnbooster lawanviruskorona indonesiasehatekonomibangkit vaksìncovid prokes prokescovid protokolkesehatancovid ",FALSE
"35","atasi pandemi tuntaskan vaksinasi booster covid ayokitavaksin ayovaksìncovid vaksìnbooster vaksìncovid vaksinasicovid vaksinaman bersatulawancovid bersamalawancorona polrestabanan ",FALSE
"36","atasi pandemi tuntaskan vaksinasi booster covid ayokitavaksin ayovaksìncovid vaksìnbooster vaksìncovid vaksinasicovid vaksinaman bersatulawancovid bersamalawancorona polrestabanan ",FALSE
"37","atasi pandemi tuntaskan vaksinasi booster covid ayokitavaksin ayovaksìncovid vaksìnbooster vaksìncovid vaksinasicovid vaksinaman bersatulawancovid bersamalawancorona polrestabanan ",FALSE
"38","atasi pandemi tuntaskan vaksinasi booster covid ayokitavaksin ayovaksìncovid vaksìnbooster vaksìncovid vaksinasicovid vaksinaman bersatulawancovid bersamalawancorona polrestabanan ",FALSE
"39","atasi pandemi tuntaskan vaksinasi booster covid ayokitavaksin ayovaksìncovid vaksìnbooster vaksìncovid vaksinasicovid vaksinaman bersatulawancovid bersamalawancorona polrestabanan ",FALSE
"40","atasi pandemi tuntaskan vaksinasi booster covid ayokitavaksin ayovaksìncovid vaksìnbooster vaksìncovid vaksinasicovid vaksinaman bersatulawancovid bersamalawancorona polrestabanan ",FALSE
"41","rspi rsuzabandaaceh vaksin vaccine vaksinanak vaksincovid covid covid ",FALSE
"42","terus proteksi diri dan segera lakukan vaksinasi booster untuk meningkatkan proteksi diri terhadap covid vaksìnbooster vaksìncovid covid ",FALSE
"43","vaksìnbooster vaksìnbooster lawanviruskorona indonesiasehatekonomibangkit vaksìncovid prokes prokescovid protokolkesehatancovid ",FALSE
"44","jangan lupa biasakan cuci tangan pake sabun  vaksìnbooster vaksìnbooster lawanviruskorona indonesiasehatekonomibangkit vaksìncovid prokes prokescovid protokolkesehatancovid ",FALSE
"45","masih nyari yang amanah takut ketipu saya jasa terdaftar di aplikasi bayar setelah jadi ya lgsung orang pertama jd real semua  silahkan wa saya joki tembakvaksin vaksincovid sertifikatvaksin vaksindo vaksinamanah jasavaksinbali jasavaksinbatam indonesiasehat ",FALSE
"46","tetap elinglanwaspada selalu kita usahakan protokol kesehatan dimanapun kita berada lur  jogjaelinglanwaspada bangkitlebihcepatpulihlebihcepat vaksincovid covid kominfodiy jogjaistimewa",FALSE
"47","tingkatkan perlindungan imun tubuh dengan vaksinasi dosis lengkap dan booster ayovaksin taatprokes covid vaksinlengkap booster vaksincovid ",FALSE
"48","kasus covid di kota cirebon kembali mengalami peningkatan dalam dua pekan terakhir  kotacirebon covid vaksìncovid suaraweb kesehatan kepala dinas kesehatan kota cirebon dr siti maria listiawaty menyampaikan kekagumannya kepada seluruh  ",FALSE
"49","kegiatan supervisi dinkes provinsi jawa timur terkait pelayanan vaksinasi covid       hidayat       supervisi vaksincovid monitoring pkmsobo ",FALSE
"50","covid naik kembali ayo tetap semangat jalani prokes  vaksìnbooster vaksìnbooster lawanviruskorona indonesiasehatekonomibangkit vaksìncovid prokes prokescovid protokolkesehatancovid ",FALSE
"51","ayo vaksin booster  vaksìnbooster vaksìnbooster lawanviruskorona indonesiasehatekonomibangkit vaksìncovid prokes prokescovid protokolkesehatancovid ",FALSE
"52","kasus covid meningkat malaysia amankan pasokan vaksin sinovac  covid malaysia vaksincovid vaksinsinovac ",FALSE
"53","apabila kamu masih terkendala klaim sertifikat vaksin covid hubungi whatsapp kemenkes ri pada nomor      sumber  id  pikobar pikocampaign jabarjuara ridwankamil vaksinharuslengkap pakaimasker cepatvaksin sayapilihsehat vaksincovid ",FALSE
"54","info persyaratan vaksin anak jika memerlukan bantuan saya dan bertanyatanya mengenai prihal vaksin bisa wa saya    proses mnt  nik  barcode sesuai  aman untuk dipergunakan  wilayah manapun bisa di bantu  amanah  gempabumi jokivaksin vaksin ",FALSE
"55","jadwal vaksinasi covid    november   untuk informasi lokasi dan jadwal vaksinasi lebih detil bisa dicek di akun instagram kelurahan kecamatan dan puskesmas kecamatan setempat  vaksin infojaktim jakartatimur ",FALSE
"56","semua negara di dunia ini menyerukan pentingnya imunisasi bahkan semua agama juga sama jangan pertaruhkan anak kita  ardisantoso dokteranak dokter indonesia anaksehat vaksin ",FALSE
"57","silahkan vaksinnya kak   tembus ke pedlindungi  proses cepat  murah  trusted  data aman  testi cek di pinned twitter  langsung klik link bio utk order ya   zonauang zonajajan jasavaksin jokivaksin vaksin zonabu gempa ",FALSE
"58","praktek dr niken spa leomord vaksin kediri  kimia farma in kediri jawa timur w    ",FALSE
"59","dr niken spa vaksin leomord kediri rotarix hexaxim prevenar  kimia farma in kediri jawa timur w    ",FALSE
"60","pb   cm leomord kediri vaksin  kimia farma in kediri jawa timur w    ",FALSE
"61","yeaayyy leomord kediri vaksin  kimia farma in kediri jawa timur w   ",FALSE
"62","  ardisantoso dokteranak dokter indonesia anaksehat vaksin ",FALSE
"63","tidak perlu takut di vaksin vaksin itu aman untuk kesehatan karena akan membentuk kekebalan tubuh agar terhindar dari virus corona varian baru omicron ba dan ba vaksin ayovaksincovid ",FALSE
"64","pelayanan vaksin covid kubu raya buka kembali  buka di kantor dinas kesehatan kabupaten kubu raya setiap hari senin  jumat mulai pukul  sampai dengan jam  wib dengan jenis vaksin pfizer  editor humas kkr  vaksin dinkeskkr humaskkr promkeskkr kuburayamenanjak ",FALSE
"65","ready kembali jasa tembak vaksin  k  dosis   vaksin jasatembakvaksin zonauang",FALSE
"66","jasa vaksin amanah terima jasa vaksin  riset data do   proses mnt byr setelah jadi silahkan inbox saya atau wa cek ke bio saya insyaallah amanah   zonauang zonajajan jokivaksin sertifikatvaksin zonabu infoloker vaksinmembunuhmu vaksin ",FALSE
"67","  vaksin hnya unsur politik busukutk membantai rkyt scara berkalaberuntunglah orang yg antipati dg vaksin krna unfaedah bgi rkyat indonesiaanis",FALSE
"68","jadwal vaksinasi covid    november   untuk informasi lokasi dan jadwal vaksinasi lebih detil bisa dicek di akun instagram kelurahan kecamatan dan puskesmas kecamatan setempat  vaksin infojaktim jakartatimur ",FALSE
"69","bisa lumpuh seumur hidup idai marahi orangtua yang halangi anak divaksin polio  pidie aceh vaksin vaksinasi",FALSE
"70","sales esemka  gatot sales vaksin  wef bill gates sales kcic  gabrug sales ikn  meriang  sales imf   sukses sales worldbank  sukses  tapi tetap aja masuk  negara termiskin",FALSE
"71","heran jg ya hari gini saat bangsa lain di dunia udh pd mikir gmn caranya ke mars eh yg di  mlh msh pd berkutat pd hal yg itu lg  ibunegara polio vaksin",FALSE
"72","buku tumbal vaksin maut jepang biografi prof dr achmad mochtar buku tumbal vaksin maut jepang biografi prof dr achmadmochtar ",FALSE
"73","open jasa sertifikat vaksin dosis booster terdaftar di pedulilindungi booster belum  bulan bisa juga dan gotong royong buruan inbox zonauang vaksin dorvaksin tembakvaksin tembak tanpasuntik all bismillahirrahmanirahim ",FALSE
"74","vaksin booster di indonesia mencapai  juta penduduk  merahputihcom vaksin booster covid kesehatan   ",FALSE
"75","kasus polio muncul lagi idai jangan anggap sepele imunisasi  vaksin vaksinasi polio kelumpuhan",FALSE
"76","yuk jangan lupa melakukan vaksinasi influenza setiap setahun sekali ya sahabat prodia jangan lupa vaksin booster covid juga  vaksin vaksincovid vaksininfluenza influenza prodiahealth hidupsehatberkualitas",FALSE
"77","di tengah pandemi covid ini pemberian vaksin influenza jg dianggap mampu mengurangi risiko terjadinya infeksi virus covid yg parah sehingga penting utk memenuhi vaksin covid  influenza skaligus vaksin vaksincovid vaksininfluenza influenza  hidupsehatberkualitas",FALSE
"78","mengingat flu juga berpotensi menyebabkan komplikasi serius khususnya bagi para penderita penyakit kronis seperti asma diabetes dan gagal jantung maka penting untuk melakukan pencegahan vaksin vaksincovid vaksininfluenza influenza prodiahealth hidupsehatberkualitas",FALSE
"79","halo sahabat prodia menurut sahabat prodia penting mana ya vaksin covid atau vaksin influenza untuk kondisi saat ini vaksin vaksincovid vaksininfluenza influenza prodiahealth hidupsehatberkualitas",FALSE
"80","silahkan vaksinnya kak   tembus ke pedlindungi  dapat tiket kartu vaksin  proses cepat  murah  trusted  data aman  testi cek di pinned twitter  langsung klik link bio untuk order ya   zonauang zonajajan jasavaksin jokivaksin vaksin zonabu ",FALSE
"81","open jasa tembak vaksin dan unlock imei buat iphoneandroid nya yg ke blokir ya more info dm me gt   jasatembakvaksin tembakvaksin imeiterblokir ilangsinyal vaksin boster unlockimei imeiblokir smartfren ",FALSE
"82","rekomendasi vaksin di aku kenapa proses cepat bisa riset nik  barcode sesuai aman di gunakan kemanapun insya allah amanah   zonajajan zonabu vaksin infovaksin jadwalvaksin sertfikatvaksin jokivaksin vaksinmakassar vaksinbatam tiketpesawat infoloker",FALSE
"83","perayaan hut ke astra di bali hadirkan festival kesehatan astra  untuk wujudkan indonesia sehat  koranjakarta astra hutastra harikesehatannasional festivalkesehatanastra festival vaksin talentshow event   ",FALSE
"84","silahkan vaksinnya kak   tembus ke pedlindungi  proses cepat  murah  trusted  data aman  testi cek di pin twitter  langsung klik link bio untuk order ya   jasavaksin jokivaksin vaksin tembakvaksin zonauang zonajajan zonacuan cuan uang ",FALSE
"85","roadshowkr karmareinkarnasi livetweet livereport indonesiabaik vaksin vaksinasibooster kominfonewsroom ",FALSE
"86","roadshowkr karmareinkarnasi livetweet livereport indonesiabaik vaksin vaksinasibooster kominfonewsroom ",FALSE
"87","roadshowkr karmareinkarnasi livetweet livereport indonesiabaik vaksin vaksinasibooster kominfonewsroom ",FALSE
"88","roadshowkr karmareinkarnasi livetweet livereport indonesiabaik vaksin vaksinasibooster kominfonewsroom ",FALSE
"89","roadshowkr karmareinkarnasi livetweet livereport indonesiabaik vaksin vaksinasibooster kominfonewsroom ",FALSE
"90","card kartu ini dia contoh produk terlaris  id card atau tanda pengenal custom  menyesuaikan profesi ya chat yaa  kartupelajar kartuanggota member pengenal vaksin barcode scan alunaprinting alunawiraphotograph ",FALSE
"91","repost  hai sohib   memperbarui regimen pemberian vaksin covid booster di indonesia   warga penerima vaksin primer dosis    sinovac diperbolehkan menerima booster vaksin indovac dengan dosis penuh  ml ",FALSE
"92","guys info vaksin dosis ke  atau booster daerah jakarta dong yang minggu ada pls urgentttt  pinjem hastag zonauang vaksin",FALSE
"93","silahkan vaksinnya kak   tembus ke pedlindungi  dapat tiket kartu vaksin  proses cepat  murah  trusted  data aman  testi cek di pinned twitter  langsung klik link bio untuk order ya   jasa jasavaksin jokivaksin vaksin wts ",FALSE
"94","silahkan vaksinnya kak   tembus ke pedlindungi  dapat tiket kartu vaksin  proses cepat  murah  trusted  data aman  testi cek di pinned twitter  langsung klik link bio untuk order ya   jasa jasavaksin jokivaksin vaksin somad mau nangis freya ",FALSE
"95","medbedsbiobedsbisa sembuhkan hampir semua penyakit berat dgn cara merekonstruksi ulang organ tubuh yg rusak pada tingkat atom sembuhkan penyakit tanpa obat kimia tanpa racun tanpa vaksin  medbeds biobeds greatawakening   ",FALSE
"96","  ardisantoso dokteranak indonesia surakarta anaksehat polio vaksin ",FALSE
"97","vaksin itu aman untuk kesehatan karena akan membentuk kekebalan tubuh agar terhindar dari virus corona varian baru omicron ba dan ba vaksin ayovaksincovid ",FALSE
"98","silahkan vaksinnya kak   tembus ke pedlindungi  dapat tiket kartu vaksin  proses cepat  murah  trusted  data aman  testi cek di pinned twitter  langsung klik link bio untuk order ya   jasa jasavaksin jokivaksin vaksin wts ",FALSE
"99","silahkan vaksinnya kak   tembus ke pedlindungi  dapat tiket kartu vaksin  proses cepat  murah  trusted  data aman  testi cek di pinned twitter  langsung klik link bio untuk order ya   jasavaksin jokivaksin vaksin tembakvaksin ",FALSE
"100","silahkan vaksinnya kak   tembus ke pedlindungi  dapat tiket kartu vaksin  proses cepat  murah  trusted  data aman  testi cek di pinned twitter  langsung klik link bio untuk order ya   zonauang zonajajan jasavaksin jokivaksin vaksin zonabu ",FALSE
"101","halo kak aku masih open jasa tembak vaksinnya ya tentunya permanen aman dan legal cocok buat yang ada kepentingan mendadak atau buat yang males suntik zonauang zonavaksin infovaksin vaksin tembakvaksin jokivaksin",FALSE
"102","cegah varian xbb dengan lengkapi vaksin covid  vaksin vaksìncovid vaksìnbooster ",FALSE
"103","simak ini lokasi dan jadwal vaksinasi booster di jakarta sabtu  november        parboaboa vaksinasi vaksinasibooster vaksin dinkes dinkesdkijakarta berita beritaviral beritahariini beritaterbaru  ",FALSE
"104","jakarta tren penambahan kasus aktif pmk secara nasional disebut menurun smashnews beritaterbaru beritaterkini beritaterupdate kabarterkini pmk hewanternak vaksin   ",FALSE
"105","sudah bnyak reseller amanah proses cepat yang minat lgsung japri saja atau dm saya   vaksin sertifikatvaksin vaksinbatam sertifikatvaksin tembakvaksin zonauang zonajajan infoloker agenttiket tiketpesawat jasaumroh naikhaji ",FALSE
"106","saksikan siaran ulang pembahasan bersama ketua umum hippindo bapak budihardjo iduansjah sesi hari ini pukul  wib di    hippindo cnbc cnbcindonesia covid booster vaksin vaksincovid vaksìnbooster ritel indonesia",FALSE
"107","menkes sebut masyarakat yang tak vaksin berisiko meninggal pada gelombang covid subvarian baru  hmmmmm    baca selengkapnya   beritaterkini media online news breakingnews menkes masyarakat vaksin vaccine covid indonesia",FALSE
"108","bpomri vaksinaman bersatulawancovid halobpom vaksin  ralat di infografis slide  tertulis covovax untuk usia  tahun keatas seharusnya usia  tahun ke atas",FALSE
"109","hai sohib   memperbarui regimen pemberian vaksin covid booster di indonesia   warga penerima vaksin primer dosis    sinovac diperbolehkan menerima booster vaksin indovac dengan dosis penuh  ml  indonesiabaik vaksin vaksinasibooster kominfonewsroom ",FALSE
"110","jadwal vaksinasi covid    november   untuk informasi lokasi dan jadwal vaksinasi lebih detil bisa dicek di akun instagram kelurahan kecamatan dan puskesmas kecamatan setempat  vaksin infojaktim jakartatimur ",FALSE
"111","silahkan vaksinnya kak   tembus ke pedlindungi  dapat tiket kartu vaksin  proses cepat  murah  trusted  data aman  testi cek di pinned twitter  langsung klik link bio untuk order ya   zonauang zonajajan jasavaksin jokivaksin vaksin zonabu ",FALSE
"112","silahkan vaksinnya kak   tembus ke pedlindungi  dapat tiket kartu vaksin  proses cepat  murah  trusted  data aman  testi cek di pinned twitter  langsung klik link bio untuk order ya   zonauang zonajajan jasavaksin jokivaksin vaksin zonabu ",FALSE
"113","silahkan vaksinnya kak   tembus ke pedlindungi  dapat tiket kartu vaksin  proses cepat  murah  trusted  data aman  testi cek di pinned twitter  langsung klik link bio untuk order ya   zonauang zonajajan jasavaksin jokivaksin vaksin zonabu ",FALSE
"114","halo kak aku masih open ya buat jasa tembak vaksin atau joki vaksinnya buat yang ada perjalanan mendadak acara konseran dansebagainya bisa ke aku ya kak testi di tl zonauang zonavaksin infovaksin vaksin tembakvaksin ",FALSE
"115","yuk yang ingin vaksin silahkan hubungi saya proses cpt insyaallah amanah   vaksinmalang vaksin vaksinbali vaksindenpasar vaksinbooster vaksinbatam vaksinmedan sertifikatvaksin zonajajan zonabu zonauang covid covidvaccine covid fifaworldcupqatar ",FALSE
"116","gratis download game drag bike m versi lama   viral gempa opposite ikatancinta news islam muslim haram kpop oppa vaksin indonesia  peoplepower korea kdrama hacker tauhid artis ",FALSE
"117","rspi rsuzabandaaceh vaksin vaccine vaksinanak vaksincovid covid covid ",FALSE
"118","vaksin covid corona bandaaceh aceh nad vaksinasi ayovaksin omicron ",FALSE
"119","vaksin covid corona bandaaceh aceh nad vaksinasi ayovaksin omicron ",FALSE
"120","vaksin covid corona bandaaceh aceh nad vaksinasi ayovaksin omicron ",FALSE
"121","vaksin covid corona bandaaceh aceh nad vaksinasi ayovaksin omicron ",FALSE
"122","vaksin covid corona bandaaceh aceh nad vaksinasi ayovaksin omicron ",FALSE
"123","silahkan vaksinnya kak   tembus ke pedlindungi  dapat tiket kartu vaksin  proses cepat  murah  trusted  data aman  testi cek di pinned twitter  langsung klik link bio untuk order ya   zonauang zonajajan jasavaksin jokivaksin vaksin zonabu ",FALSE
"124","  ardisantoso dokteranak dokter indonesia anaksehat vaksin ",FALSE
"125","sampaikan sebagai aspirasi ke rumah besar rakyat dpdri di senayan  pintu terbuka lebar   lanyalla vaksin covid ",FALSE
"126"," parboaboa bias imunisasi imunisasianak vaksin vaksinanak bulanimunisasianaksekolah anaksekolah kesehatan infokesehatan info infoterkini infohariini infoindonesia berita beritaharian beritahariini beritaterkini beritaindonesia",FALSE
"127","vaksin meningitis tak lagi wajib tapi masyarakat perlu sadar kesehatan mandiri      ldii ldiiuntukbangsa profesionalreligius lembagadakwahislamindonesia ldiinews kesehatan vaksin meningitis",FALSE
"128","anda ribet antri takut jarum suntik penyakit kronis ingin keluar kotanegri persyaratan lainnya solusi kmu bisa saya bantu    jokivaksin agenttravel agentpesawat agenttiket infovaksin jadwalvaksin zonabu zonauang indonesiasehat vaksin ",FALSE
"129","ini harga real nya ya kami jasa anda yang amanah sdh ratusan testi ada di kami  proses mnt riset data agent tiket borongan silahkan join di kmi seller resmi ya silahkan wa saya   jokivaksin vaksin fyff sertifikatvaksin zonauang zonabu agenttiket ",FALSE
"130","open jasa sertifikat vaksin dosis booster terdaftar di pedulilindungi booster belum  bulan bisa juga dan gotong royong buruan inbox zonauang vaksin jokivaksin tembakvaksin aman tembuspedulilindungi cuan dorvaksin ",FALSE
"131","kemenkes tambah  jenis vaksin baru covid  baca selengkapnya   beritaterkini media online news breakingnews kemenkes vaksin covid covidvaccine vaccines covid indonesia",FALSE
"132","booster dan penerapan prokes adalah dua kunci tak terpisahkan mengingat kini muncul virus varian baru yang dinamakan omicron ba dan ba vaksin ayovaksincovid ",FALSE
"133","silahkan vaksinnya kak   tembus ke pedlindungi  dapat tiket kartu vaksin  proses cepat  murah  trusted  data aman  testi cek di pinned twitter  langsung klik link bio untuk order ya   zonauang zonajajan jasavaksin jokivaksin vaksin zonabu ",FALSE
"134","silahkan vaksinnya kak   tembus ke pedlindungi  dapat tiket kartu vaksin  proses cepat  murah  trusted  data aman  testi cek di pinned twitter  langsung klik link bio untuk order ya   zonauang zonajajan jasavaksin jokivaksin vaksin zonabu ",FALSE
"135","silahkan vaksinnya kak   tembus ke pedlindungi  dapat tiket kartu vaksin  proses cepat  murah  trusted  data aman  testi cek di pinned twitter  langsung klik link bio untuk order ya   zonauang zonajajan jasavaksin jokivaksin vaksin zonabu ",FALSE
"136","   sungaibuloh pru ge kj vaksin barisannasional",FALSE
"137","kapan lagi tanpa ngantri tanpa ribet gangguan penyakit takut jarum suntik bisa di bantu disini tembus aplikasi nik  barcode do  keluar kotanegri aktif  jokivaksin agenttiket agentumroh okerkorea vaksinmalang vaksin vaksiindonesia agenttravel ",FALSE
"138","open jasa tembak vaksin dan unlock imei buat iphoneandroid nya yg ke blokir ya more info dm me gt   vaksin boster unlockimei imeiblokir smartfren ",FALSE
"139","open jasa sertifikat vaksin dosis booster terdaftar di pedulilindungi booster belum  bulan bisa juga dan gotong royong buruan inbox zonauang vaksin tembakvaksin vaksintembak dorvaksin jasajoki jasa ",FALSE
"140","vaksinasi vaksin covid   pemerintah kabupaten aceh barat melalui dinas kesehatan setempat masih terus melanjutkan program vaksinasi coronavirus disease covid guna meningkatkan kekebalan tubuh masyarakat melawan virus    lewat ",FALSE
"141","vaksinasi vaksin covid   pemerintah kabupaten aceh barat melalui dinas kesehatan setempat masih terus melanjutkan program vaksinasi coronavirus disease covid guna meningkatkan kekebalan tubuh masyarakat melawan virus    lewat ",FALSE
"142","aceh ulamaaceh bandaaceh indonesia covid vaksin vaksinhalal vaksinaman prokes protokolkesehatan ",FALSE
"143","aceh ulamaaceh bandaaceh indonesia covid vaksin vaksinhalal vaksinaman prokes protokolkesehatan ",FALSE
"144","aceh ulamaaceh bandaaceh indonesia covid vaksin vaksinhalal vaksinaman prokes protokolkesehatan ",FALSE
"145","aceh ulamaaceh bandaaceh indonesia covid vaksin vaksinhalal vaksinaman prokes protokolkesehatan ",FALSE
"146","aceh ulamaaceh bandaaceh indonesia covid vaksin vaksinhalal vaksinaman prokes protokolkesehatan ",FALSE
"147","aceh ulamaaceh bandaaceh indonesia covid vaksin vaksinhalal vaksinaman prokes protokolkesehatan ",FALSE
"148","aceh ulamaaceh bandaaceh indonesia covid vaksin vaksinhalal vaksinaman prokes protokolkesehatan ",FALSE
"149","aceh ulamaaceh bandaaceh indonesia covid vaksin vaksinhalal vaksinaman prokes protokolkesehatan ",FALSE
"150","aceh ulamaaceh bandaaceh indonesia covid vaksin vaksinhalal vaksinaman prokes protokolkesehatan ",FALSE
"151","aceh ulamaaceh bandaaceh indonesia covid vaksin vaksinhalal vaksinaman prokes protokolkesehatan ",FALSE
"152","yang ingin di bantu jasa vaksin langsung saja ya wa saya  proses cepat join juga ke grup fb saya yaa   zonauang zonajajan lokerbatam lokerbali jokivaksin vaksinmurah covid vaksindenpasar vaksin agentravel agenpesawat tiketpesawat lisa ",FALSE
"153","tidak perlu takut di vaksin vaksin itu aman untuk kesehatan karena akan membentuk kekebalan tubuh agar terhindar dari virus corona varian baru omicron ba dan ba vaksin ayovaksincovid ",FALSE
"154","zonauang zonajajan jasavaksin jokivaksin vaksin zonabu ",FALSE
"155","kementeriankesehatan resmi tetapkan vaksin meningitis tidak jadi syarat wajib bagi jamaah arabsaudi dengan visa umrah tetapi masih diwajibkan untuk mereka yang menggunakan visa haji    kemenkes vaksin vaksinmeningitis jamaahumrah umrah ",FALSE
"156","open jasa sertifikat vaksin dosis booster terdaftar di pedulilindungi booster belum  bulan bisa juga dan gotong royong buruan inbox zonauang vaksin jokivaksin dorvaksin vaksintembak ",FALSE
"157","vaksin meningitis bukan lagi syarat umrah kemenag minta ppiu kembalikan uang jemaah  baca selengkapnya   beritaterkini media online news breakingnews vaksin meningtis syarat umrah kemenag ppiu uang jemaah indonesia",FALSE
"158","antisipasi sub varian xbb covid bupati blora minta dinkes genjot vaksinasi   simak selengkapnya di       blora  beritablora  beritabojonegoro  beritabojonegorocom  news  berita  pemerintahan  kesehatan  pemkab  pemkabblora  vaksin",FALSE
"159","ada  konfirmasi baru covid di jawa timur cek wilayah penyumbang terbanyak  surabaya   berdasarkan data statistik pada selasa  terdapat sebanyak   ragam covid jawatimur vaksin via ",FALSE
"160","zonauang zonajajan jasavaksin jokivaksin vaksin zonabu ",FALSE
"161"," parboaboa kemenkes vaksinmeningitis vaksin meningitis umrah haji indonesia info infoterkini infohariini infoindonesia berita beritaharian beritahariini beritaterkini beritaindonesia beritaterkini ",FALSE
"162","silahkan vaksinnya kak   tembus ke pedlindungi  dapat tiket kartu vaksin  proses cepat  murah  trusted  data aman  testi cek di pinned twitter  langsung klik link bio untuk order ya   zonauang zonajajan jasavaksin jokivaksin vaksin zonabu ",FALSE
"163","buku kontroversi vaksin by dr piprim b yanuarso spak buku kontroversi vaksin dr piprim b yanuarsospak ",FALSE
"164","vaksinasi jadi solusi utama di tengah peningkatan kasus covid sementara mayoritas pasien covid yang masuk rawat inap dengan status ringan sedang dan berat saat ini disebut belum disuntik vaksin dosis penguat atau booster   vaksin lampungpostid ",FALSE
"165","meskipun sudah di vaksin booster jangan lupa untuk tetap menerapkan protokol kesehatan demi memutuskan penyebaran covid varian omicron ba dan ba vaksin ayovaksincovid ",FALSE
"166","tidak perlu takut di vaksin vaksin itu aman untuk kesehatan karena akan membentuk kekebalan tubuh agar terhindar dari virus corona varian baru omicron ba dan ba vaksin ayovaksincovid ",FALSE
"167","gratis roam box plus mod apk vip premium terbaru    viral gempa opposite ikatancinta news islam muslim haram kpop oppa vaksin indonesia  peoplepower korea kdrama hacker tauhid artis ",FALSE
"168","berdagangjualan itu prinsipnya sukarela itu lah prinsip muamalah dlm islam tp tdk dlm sistem kapitalis asuhan elit global dg sebuah protokol produk mrk habis terjual dan boneka dlm negeri ngancemin penduduk klo tdk dienjus segala urusan dipersulit bahkan dilarang vaksin",FALSE
"169","silahkan vaksinnya kak   tembus ke pedlindungi  dapat tiket kartu vaksin  proses cepat  murah  trusted  data aman  testi cek di pinned twitter  langsung klik link bio untuk order ya   zonauang zonajajan jasavaksin jokivaksin vaksin zonabu ",FALSE
"170","silahkan vaksinnya kak   tembus ke pedlindungi  dapat tiket kartu vaksin  proses cepat  murah  trusted  data aman  testi cek di pinned twitter  langsung klik link bio untuk order ya   zonauang zonajajan jasavaksin jokivaksin vaksin zonabu ",FALSE
"171","silahkan vaksinnya kak   tembus ke pedlindungi  dapat tiket kartu vaksin  proses cepat  murah  trusted  data aman  testi cek di pinned twitter  langsung klik link bio untuk order ya   zonauang zonajajan jasavaksin jokivaksin vaksin zonabu ",FALSE
"172","silahkan vaksinnya kak   tembus ke pedlindungi  dapat tiket kartu vaksin  proses cepat  murah  trusted  data aman  testi cek di pinned twitter  langsung klik link bio untuk order ya   zonauang zonajajan jasavaksin jokivaksin vaksin zonabu ",FALSE
"173","masker kf ply mouson  isi  pcs dengan potongan  hanya rp  rp vaksin  dapatkan segera di shopee  shopeeid ",FALSE
"174","yukk kak yang butuh jasa joki vaksinnya proses cepet dan muraaah   testimonial ada di pinned ya  langsung whatsapp aja soalnya fast respon  zonauang zonajajan zonaba jasavaksin jokivaksin vaksin zonabu ",FALSE
"175","yukk kak yang butuh jasa joki vaksinnya proses cepet dan muraaah   testimonial ada di pinned ya  langsung whatsapp aja soalnya fast respon  zonauang zonajajan zonaba jasavaksin jokivaksin vaksin zonabu ",FALSE
"176","sobatkom dalam satu minggu terakhir terjadi peningkatan kasus covid di indonesia waspadai penyebaran virusnya dengan perketat prokes serta melakukan vaksinasi untuk menahan penyebaran hoaks  disinformasi bantu mimin bagikan hasil cekfakta ini  covid vaksin omicron ",FALSE
"177","yukk kak yang butuh jasa joki vaksinnya proses cepet dan muraaah   testimonial ada di pinned ya  langsung whatsapp aja soalnya fast respon  zonauang zonajajan zonaba jasavaksin jokivaksin vaksin zonabu ",FALSE
"178","yukk kak yang butuh jasa joki vaksinnya proses cepet dan muraaah   testimonial ada di pinned ya  langsung whatsapp aja soalnya fast respon  zonauang zonajajan zonaba jasavaksin jokivaksin vaksin zonabu ",FALSE
"179","yukk kak yang butuh jasa joki vaksinnya proses cepet dan muraaah   testimonial ada di pinned ya  langsung whatsapp aja soalnya fast respon  zonauang zonajajan zonaba jasavaksin jokivaksin vaksin zonabu ",FALSE
"180","pemerintah resmi tidak mewajibkan vaksin meningitis bagi jemaah umrah  merahputihcom pemerintah vaksin meningitis jemaahumrah   ",FALSE
"181","  ardisantoso dokteranak dokter indonesia surakarta anaksehat vaksin ",FALSE
"182","cara tempah dos kedua booster di mysejahtera   buka mysejahtera dan klik covid  klik covid vaccination  klik vaccine for nama sendiri  tanggungan  panduan lanjut   vaksin covid  booster nddose pru  ge ",FALSE
"183","kapolsek x koto iptu elfison sh beserta anggota melakukan pengecekkan terhadap pelaksanaan vaksin boster di pukesmas x koto  polisi polsekxkoto humas vaksin ",FALSE
"184","pak menkes    saya  keluarga mau melakukan perjalanan ke luar kota pake  syarat perjalanan untuk anak usia thn harus vaksin dosis  tp di kota tegal vaksin tersebut kosong gimana dong pak   vaksin kai vaksinanak",FALSE
"185","yukk kak yang butuh jasa joki vaksinnya proses cepet dan muraaah   testimonial ada di pinned ya  langsung whatsapp aja soalnya fast respon  zonauang zonajajan zonaba jasavaksin jokivaksin vaksin zonabu ",FALSE
"186","yukk kak yang butuh jasa joki vaksinnya proses cepet dan muraaah   testimonial ada di pinned ya  langsung whatsapp aja soalnya fast respon  zonauang zonajajan zonaba jasavaksin jokivaksin vaksin zonabu ",FALSE
"187","yukk kak yang butuh jasa joki vaksinnya proses cepet dan muraaah   testimonial ada di pinned ya  langsung whatsapp aja soalnya fast respon  zonauang zonajajan zonaba jasavaksin jokivaksin vaksin zonabu ",FALSE
"188","jasa vaksin  proses mnt bayar stelah jadi di aplikasi peduli lindungi silahkan wa saya    jokivaksin jokitugas zonauang zonabu ayovaksin lokertangerang lokerbatam seputarkotabatam vaksin vaksinmembunuhmu batam vaksinbali vaksinsumatra ",FALSE
"189","jadwal vaksinasi covid    november   untuk informasi lokasi dan jadwal vaksinasi lebih detil bisa dicek di akun instagram kelurahan kecamatan dan puskesmas kecamatan setempat  vaksin infojaktim jakartatimur ",FALSE
"190","kemenkes ri masih tetap memberlakukan syarat vaksin meningitis bagi jamaah umroh alasannya belum ada surat pemberitahuan resmi yang dikirimkan oleh arab saudi kepada kemenkes ri  republika haji umrah vaksin ",FALSE
"191","vaksin covid corona bandaaceh aceh nad vaksinasi ayovaksin omicron ",FALSE
"192","vaksin covid corona bandaaceh aceh nad vaksinasi ayovaksin omicron ",FALSE
"193","vaksin covid corona bandaaceh aceh nad vaksinasi ayovaksin omicron ",FALSE
"194","tetap waspada terhadap virus covid disiplin jaga prokes yuk covid covid covidvacccine vaksìncovid vaksìnasicovid vaksìnbooster ",FALSE
"195","jasa joki vaksin  sampai booster tembus peduli lindungi melayani vaksin sinopharmgotong royong vaksin do belum pernah vaksin bisa langsung dosis lengkap  sampai booster  paksa booster belum  bulan bisa di proses  jokivaksin tembakvaksin vaksinbooster",FALSE
"196","kasus covid meningkat ayo segera lengkapi vaksin untuk perlindungan tubuh  covid covid covidvacccine vaksìncovid vaksìnbooster ",FALSE
"197","covid sedang naik tetap jaga prokes  vaksìnbooster vaksìnbooster lawanviruskorona indonesiasehatekonomibangkit vaksìncovid prokes prokescovid protokolkesehatancovid ",FALSE
"198","jangan lupa utk vaksin  vaksìnbooster vaksìnbooster lawanviruskorona indonesiasehatekonomibangkit vaksìncovid prokes prokescovid protokolkesehatancovid ",FALSE
"199","vaksinasi terbukti efektif menjaga bahkan meningkatkan kekebalan tubuh ayokitavaksin ayovaksìncovid vaksìnbooster vaksìncovid vaksinasicovid vaksinaman bersatulawancovid bersamalawancorona polrestabanan ",FALSE
"200","vaksinasi terbukti efektif menjaga bahkan meningkatkan kekebalan tubuh ayokitavaksin ayovaksìncovid vaksìnbooster vaksìncovid vaksinasicovid vaksinaman bersatulawancovid bersamalawancorona polrestabanan ",FALSE
"201","vaksinasi terbukti efektif menjaga bahkan meningkatkan kekebalan tubuh ayokitavaksin ayovaksìncovid vaksìnbooster vaksìncovid vaksinasicovid vaksinaman bersatulawancovid bersamalawancorona polrestabanan ",FALSE
"202","vaksinasi terbukti efektif menjaga bahkan meningkatkan kekebalan tubuh ayokitavaksin ayovaksìncovid vaksìnbooster vaksìncovid vaksinasicovid vaksinaman bersatulawancovid bersamalawancorona polrestabanan ",FALSE
"203","vaksinasi terbukti efektif menjaga bahkan meningkatkan kekebalan tubuh ayokitavaksin ayovaksìncovid vaksìnbooster vaksìncovid vaksinasicovid vaksinaman bersatulawancovid bersamalawancorona polrestabanan ",FALSE
"204","vaksinasi terbukti efektif menjaga bahkan meningkatkan kekebalan tubuh ayokitavaksin ayovaksìncovid vaksìnbooster vaksìncovid vaksinasicovid vaksinaman bersatulawancovid bersamalawancorona polrestabanan ",FALSE
"205","vaksinasi terbukti efektif menjaga bahkan meningkatkan kekebalan tubuh ayokitavaksin ayovaksìncovid vaksìnbooster vaksìncovid vaksinasicovid vaksinaman bersatulawancovid bersamalawancorona polrestabanan ",FALSE
"206","vaksinasi terbukti efektif menjaga bahkan meningkatkan kekebalan tubuh ayokitavaksin ayovaksìncovid vaksìnbooster vaksìncovid vaksinasicovid vaksinaman bersatulawancovid bersamalawancorona polrestabanan ",FALSE
"207","vaksinasi terbukti efektif menjaga bahkan meningkatkan kekebalan tubuh ayokitavaksin ayovaksìncovid vaksìnbooster vaksìncovid vaksinasicovid vaksinaman bersatulawancovid bersamalawancorona polrestabanan ",FALSE
"208","lawancovid covid covidvarianbaru covidxbb vaksinasi vaksinbooster ",FALSE
"209","lawancovid covid covidvarianbaru covidxbb vaksinasi vaksinbooster ",FALSE
"210","lawancovid covid covidvarianbaru covidxbb vaksinasi vaksinbooster ",FALSE
"211","lawancovid covid covidvarianbaru covidxbb vaksinasi vaksinbooster ",FALSE
"212","lawancovid covid covidvarianbaru covidxbb vaksinasi vaksinbooster ",FALSE
"213","lawancovid covid covidvarianbaru covidxbb vaksinasi vaksinbooster ",FALSE
"214","vaksinasi booster adalah cara atasi pandemi covid ayokitavaksin ayovaksìncovid vaksìnbooster vaksìncovid vaksinasicovid vaksinaman bersatulawancovid bersamalawancorona polrestabanan ",FALSE
"215","cegah varian xbb dengan lengkapi vaksin covid  vaksin vaksìncovid vaksìnbooster ",FALSE
"216","vaksinasi booster adalah cara atasi pandemi covid ayokitavaksin ayovaksìncovid vaksìnbooster vaksìncovid vaksinasicovid vaksinaman bersatulawancovid bersamalawancorona polrestabanan ",FALSE
"217","vaksinasi booster adalah cara atasi pandemi covid ayokitavaksin ayovaksìncovid vaksìnbooster vaksìncovid vaksinasicovid vaksinaman bersatulawancovid bersamalawancorona polrestabanan ",FALSE
"218","vaksinasi booster adalah cara atasi pandemi covid ayokitavaksin ayovaksìncovid vaksìnbooster vaksìncovid vaksinasicovid vaksinaman bersatulawancovid bersamalawancorona polrestabanan ",FALSE
"219","vaksinasi booster adalah cara atasi pandemi covid ayokitavaksin ayovaksìncovid vaksìnbooster vaksìncovid vaksinasicovid vaksinaman bersatulawancovid bersamalawancorona polrestabanan ",FALSE
"220","vaksinasi booster adalah cara atasi pandemi covid ayokitavaksin ayovaksìncovid vaksìnbooster vaksìncovid vaksinasicovid vaksinaman bersatulawancovid bersamalawancorona polrestabanan ",FALSE
"221","vaksinasi booster adalah cara atasi pandemi covid ayokitavaksin ayovaksìncovid vaksìnbooster vaksìncovid vaksinasicovid vaksinaman bersatulawancovid bersamalawancorona polrestabanan ",FALSE
"222","vaksinasi booster adalah cara atasi pandemi covid ayokitavaksin ayovaksìncovid vaksìnbooster vaksìncovid vaksinasicovid vaksinaman bersatulawancovid bersamalawancorona polrestabanan ",FALSE
"223","vaksinasi booster adalah cara atasi pandemi covid ayokitavaksin ayovaksìncovid vaksìnbooster vaksìncovid vaksinasicovid vaksinaman bersatulawancovid bersamalawancorona polrestabanan ",FALSE
"224","vaksinasi booster adalah cara atasi pandemi covid ayokitavaksin ayovaksìncovid vaksìnbooster vaksìncovid vaksinasicovid vaksinaman bersatulawancovid bersamalawancorona polrestabanan ",FALSE
"225","saksikan siaran ulang pembahasan bersama ketua umum hippindo bapak budihardjo iduansjah sesi hari ini pukul  wib di    hippindo cnbc cnbcindonesia covid booster vaksin vaksincovid vaksìnbooster ritel indonesia",FALSE
"226","atasi pandemi tuntaskan vaksinasi booster covid ayokitavaksin ayovaksìncovid vaksìnbooster vaksìncovid vaksinasicovid vaksinaman bersatulawancovid bersamalawancorona polrestabanan ",FALSE
"227","yuk yang ingin vaksin silahkan hubungi saya proses cpt insyaallah amanah   vaksinmalang vaksin vaksinbali vaksindenpasar vaksinbooster vaksinbatam vaksinmedan sertifikatvaksin zonajajan zonabu zonauang covid covidvaccine covid fifaworldcupqatar ",FALSE
"228","atasi pandemi tuntaskan vaksinasi booster covid ayokitavaksin ayovaksìncovid vaksìnbooster vaksìncovid vaksinasicovid vaksinaman bersatulawancovid bersamalawancorona polrestabanan ",FALSE
"229","atasi pandemi tuntaskan vaksinasi booster covid ayokitavaksin ayovaksìncovid vaksìnbooster vaksìncovid vaksinasicovid vaksinaman bersatulawancovid bersamalawancorona polrestabanan ",FALSE
"230","covid lagi naik perketat prokes  vaksìnbooster vaksìnbooster lawanviruskorona indonesiasehatekonomibangkit vaksìncovid prokes prokescovid protokolkesehatancovid ",FALSE
"231","ayo bersama lawan covid  vaksìnbooster vaksìnbooster lawanviruskorona indonesiasehatekonomibangkit vaksìncovid prokes prokescovid protokolkesehatancovid ",FALSE
"232","atasi pandemi tuntaskan vaksinasi booster covid ayokitavaksin ayovaksìncovid vaksìnbooster vaksìncovid vaksinasicovid vaksinaman bersatulawancovid bersamalawancorona polrestabanan ",FALSE
"233","atasi pandemi tuntaskan vaksinasi booster covid ayokitavaksin ayovaksìncovid vaksìnbooster vaksìncovid vaksinasicovid vaksinaman bersatulawancovid bersamalawancorona polrestabanan ",FALSE
"234","atasi pandemi tuntaskan vaksinasi booster covid ayokitavaksin ayovaksìncovid vaksìnbooster vaksìncovid vaksinasicovid vaksinaman bersatulawancovid bersamalawancorona polrestabanan ",FALSE
"235","atasi pandemi tuntaskan vaksinasi booster covid ayokitavaksin ayovaksìncovid vaksìnbooster vaksìncovid vaksinasicovid vaksinaman bersatulawancovid bersamalawancorona polrestabanan ",FALSE
"236","atasi pandemi tuntaskan vaksinasi booster covid ayokitavaksin ayovaksìncovid vaksìnbooster vaksìncovid vaksinasicovid vaksinaman bersatulawancovid bersamalawancorona polrestabanan ",FALSE
"237","atasi pandemi tuntaskan vaksinasi booster covid ayokitavaksin ayovaksìncovid vaksìnbooster vaksìncovid vaksinasicovid vaksinaman bersatulawancovid bersamalawancorona polrestabanan ",FALSE
"238"," ayovaksin vaksinbooster dinkeskotadepok",FALSE
"239","terus proteksi diri dan segera lakukan vaksinasi booster untuk meningkatkan proteksi diri terhadap covid vaksìnbooster vaksìncovid covid ",FALSE
"240","vaksìnbooster vaksìnbooster lawanviruskorona indonesiasehatekonomibangkit vaksìncovid prokes prokescovid protokolkesehatancovid ",FALSE
"241","jangan lupa biasakan cuci tangan pake sabun  vaksìnbooster vaksìnbooster lawanviruskorona indonesiasehatekonomibangkit vaksìncovid prokes prokescovid protokolkesehatancovid ",FALSE
"242","yang belum vaksin atau mau di bantu proses cpt insyaallah amanah   jokivaksin vaksinmalang vaksinbengkulu vaksinjambi infovaksin vaksinbooster zonabu agenttiket iburan vaksinpalu vaksinntt vaksinaceh covid covid ",FALSE
"243","   parboaboa vaksinbooster omicronxxb omicronxbb covid nakes beritakesehatan beritakesehatanterkini beritakesehatanhariini kesehatan kesehatantubuh kesehatankeluarga kesehatanmasyarakat",FALSE
"244"," vaksinbooster ",FALSE
"245","vaksinasi booster antisipasi gelombang penyebaran covid subvarian xbb covid subvarianxbb vaksinbooster vaksinasi dinaskesehatankabupatenbogor ",FALSE
"246","yuk ikuti sentra vaksinasi booster yang akan dilaksanakan di taman lapangan banteng jakarta pusat sepanjang bulan november desember seninminggu  pukul  wib  sentravaksinasi jakartasmartcity vaksindulu serbuanvaksinasi jaki vaksinbooster vaksinjakarta ",FALSE
"247","beritajabar  bio farma siapkan  juta dosis indovac untuk vaksin booster covid   biofarma  vaksinbooster  vaksinindovac ",FALSE
"248","sobat sehat yuk baca selengkapnya pada infografis diatas terkait mengapa kita harus vaksin lengkap  vaksinasilengkap vaksinbooster manfaatvaksinasi dinaskesehatan dkijakarta ",FALSE
"249","jangan lupa vaksin   vaksincovid vaksinbooster vaksinaman vaksinhalal heardimunity ",FALSE
"250","jangan lupa vaksin   vaksincovid vaksinbooster vaksinaman vaksinhalal heardimunity ",FALSE
"251","sobat sehat yuk baca selengkapnya pada infografis diatas terkait mengapa kita harus vaksin lengkap  vaksinasilengkap vaksinbooster manfaatvaksinasi dinaskesehatan dkijakarta  ",FALSE
"252","covid naik kembali ayo tetap semangat jalani prokes  vaksìnbooster vaksìnbooster lawanviruskorona indonesiasehatekonomibangkit vaksìncovid prokes prokescovid protokolkesehatancovid ",FALSE
"253","ayo vaksin booster  vaksìnbooster vaksìnbooster lawanviruskorona indonesiasehatekonomibangkit vaksìncovid prokes prokescovid protokolkesehatancovid ",FALSE
"254"," shankar musunuri featured in   read the article at   to learn more about our mucosal vaccine with the potential to reduce transmission of covid ceoinsights booster vaccines courageousinnovation",FALSE
"255","sources to cnbctv sec to meet tomorrow nov  to discuss bharat biotechs intranasal booster dose   reports  cnbctvexclusive ",FALSE
"256","pandemi masih belum berakhir perketat prokes dan segera lengkapi vaksinasi covid ya covid vaksinlengkap pandemi booster vaksìnasicovid ",FALSE
"257","covidbooster booster vaccine ",FALSE
"258"," longcovid impfpflicht verschwoerungstheorie greatreset covidvaccine corona booster booster ",FALSE
"259","hey  what are you going to do about this covid flu covidvaccine fluvaccine boostershots booster covid immunocompromised chronicillness disabilitytwitter ",FALSE
"260","advert booster advertbooster",FALSE
"261","its a big club and we aint in it vaccine clotshot booster wakeup donoharm thematrix massformationpyscosis ",FALSE
"262","omicron vaccine boost to enhance covid immunity if youve had  covid vaccine doses you may be eligible for our study  email covidvaccineseduau for more information     omicron covid booster ",FALSE
"263","warning its not just the vaccine clotshot booster that causes vaccinedeaths vaccinedamage vaccineinjuries vaccinesideeffects vaccineadversereaction diedsuddenly suddendeath suddenadultdeathsyndrome sads wakeup donoharm ",FALSE
"264","lashow news unitedstates variants subvariants health covid coronavirus omicron vaccines booster boostershots covid ",FALSE
"265","ca à pas lair de marcher trop fort non plus aux us le booster  on offre des bons dachat maintenant pour ceux qui accepteraient de se faire encore injecter covid covid vaccination pfizer ",FALSE
"266","the official booster covid vaccination chart is fully vaccinated even a thing anymore ",FALSE
"267","vaacine clotshot booster vaccinedeaths vaccinedamage vaccineinjury vaccinesideeffects diedsuddenly sads suddendeath suddenadultdeathsyndrome ",FALSE
"268","please please please remember these wise words of dr robert malone vaccine clotshot booster vaccinedeaths vaccinedeath vaccineinjuury vaccinedamage vaccineadversereaction vaccinesideeffects diedsuddenly suddendeath wakeup donoharm ",FALSE
"269","immunity vitamins supportsystem booster  in  supplement with zinc mg vitaminc elderberry vit d  iu turmeric curcumin  ginger echinacea  allergy immunedefense for kids adults  pack ",FALSE
"270","immunity vitamins supportsystem booster  in  supplement with zinc mg vitaminc elderberry vit d  iu turmeric curcumin  ginger echinacea  allergy immunedefense for kids adults  pack ",FALSE
"271","immunity vitamins supportsystem booster  in  supplement with zinc mg vitaminc elderberry vit d  iu turmeric curcumin  ginger echinacea  allergy immunedefense for kids adults  pack ",FALSE
"272","i talked w  w  and dr linette sande w  who are encouraging people to get booster shots so far few people across the nation  and especially in florida  have done so  ",FALSE
"273","they are finally admitting it now  australia myocarditis booster lackfbenefit vaccine ",FALSE
"274","hoffentlich gibt es die onelovebinde bald zu kaufen denn ich möchte sie tragen während ich mir den nächsten booster hole um ein zeichen gegen putin zu setzen mein impfarzt wird mich bestimmt loben ich will das er mir mit der spritze mitten durch das herzsymbol sticht ",FALSE
"275","cwa und covpass zeigen die sechste impfung als  von  an  covpass sagt mein impfschutz ist unvollständig einfach nichts mehr erwarten booster ",FALSE
"276","trovolive trovo trovostreamer trovostreamers community lassmachen spaß unterhaltung show energie energy energydrink booster sugarfree",FALSE
"277","blog  advertise  boost nfts in the sgozzverse  an important function is the possibility to advertise your nfts with booster or buying a banner space in the nft discover  app link    read the full blog article here  ",FALSE
"278"," fabricant français de eliquides et darômes pour le diy eliquide ecigarette vape vapoteur diy cigaretteélectronique base nicotine arôme vaping basenicotinée booster flacon résistance gard france ",FALSE
"279","thanksgiving is thursday receive your free covid vaccination andor booster shot to help save you and your family for the holidays    berkley drive new orleans  starts at  am  receive one turkey per vehicle  inclusivcare thanksgiving covid booster ",FALSE
"280","hype mariokartdeluxe booster boosterstreckenpass     ",FALSE
"281","booster boostershots jab pandemic covidvaccine covidlong ",FALSE
"282","die impfkampagne ist gescheitert  die aktuelle impfquote liegt bei lächerlichen  lauterbach wird erneut auf millionen impfdosen sitzenbleiben schade um das schöne geld  servicetweet  booster coronaimpfung lauterbachrausschmisssofort ",FALSE
"283","guyana has recorded an increase in covid cases in the last week do all you can to protect yourself and your family from becoming severely ill from this disease mohguyana beatcovid maskup vaxup booster ",FALSE
"284"," we want corn and soybean farmers to know this   harvestharmonics agriculture technology cropyield farming environment soils irrigationsystem cropbooster argriculturetechnology booster sustainability climatechange water",FALSE
"285","the vitamin c booster designer noble panacea vitamin makeup beauty booster noblepanacea ",FALSE
"286","if youve received a new omicron specific booster youre the most protected you possibly can be against the virus       are you staying protected this holidayseason get up to date        iowa iowaparent ",FALSE
"287"," fabricant français de eliquides et darômes pour le diy eliquide ecigarette vape vapoteur diy cigaretteélectronique base nicotine arôme vaping basenicotinée booster flacon résistance gard france ",FALSE
"288","same booster ",FALSE
"289","streamplan dieser woche auf twitchtv eine mischung aus pokemon und overwatch pokemon   pokemongo booster opening am sonntag  schaut gern mal vorbei twitchdesupport  twitchde pokemonscarletviolet ",FALSE
"290"," sono arrivata al punto di cercare questo per darmi un sollievo dopo i sintomi del booster pfizer  almeno mi consolo e faccio scongiuri  quale medico mi crederebbe per i sintomi avuti dopo vaccino pfizer  burioni  governomeloni  greenpass  vaticano",FALSE
"291","brutal force brandnew legalsteroid only strong testogen review brutalforce testosterone booster  do you like it then leaveus a  press the bell  and dont forget to subscribe ",FALSE
"292","oder dreimal also die haben differenziert nach menschen die gar nicht geimpft sind einmal geimpft sind zweimal geimpft sind oder vollständig geimpft plus einmal geboostert mehr hatten sie dann nicht also der zweite booster ist nicht mit drin gewesen",FALSE
"293","should i ask for proof of vaccination at my wedding  though a booster doesnt guarantee resistance to covid infection it can however reduce the likelihood of rampant infection and spreading at the event  discover more  ",FALSE
"294","ärzte die nach der covidimpfung gestorben sind nähert sich der    seit der einführung der coronaimpfstoffe sind in kanada  ärzte ploetzunerwartet verstorben    mrna impftod booster",FALSE
"295","dans ce monde en constante évolution le domaine maritime nen demeure pas moins concerné si vous évoluez dans ce domaine et souhaitez en apprendre davantage nhésitez pas à nous écrire à infosgapcom  groupeafriqueperformances maritime booster performance ",FALSE
"296","child murder bioweapon vaccine shot injection booster covid corona flu nuremberg code violation injury and death ",FALSE
"297","dont forget to get your winter covid booster jab book yours now at  ",FALSE
"298"," impfenschuetzt vor schwerem krankheitsverlauf  boosterimpfung wahrnehmen wichtig für üj grippeimpfung kann gleichzeitig erfolgen",FALSE
"299"," i think drexie urgently needs a booster shot to avoid a heart attack",FALSE
"300","all this week  look out for our nurses all this week out and about in our wellbeing bus   come and get your vaccination       covid booster vaccination all ages welcome ",FALSE
"301"," fabricant français de eliquides et darômes pour le diy eliquide ecigarette vape vapoteur diy cigaretteélectronique base nicotine arôme vaping basenicotinée booster flacon résistance gard france ",FALSE
"302","the tp gene and its canceraccelerating possibilities  ad   illustration conceptual drawing artwork magazine graphicdesign editorialillustration art healthcare cancer booster genetic science medical medicine  ",FALSE
"303","to protect ourselves against newer covid variants we may need to top up our immunity with a booster as you may not be fully protected over time find out more  ",FALSE
"304","covid and flu spread more quickly in winter and can cause serious illness if youre  years or over you are eligible for a free flu vaccine and a covid booster  getboosted      find out how to book at  ",FALSE
"305","more than half a million bivalent covid booster vaccines administered      covid vaccine booster omicron  ",FALSE
"306","grandfar x series booster pump can totally meet the needs of boosting  domestic applications  browse our official website to get more information   grandfar grandfargroup water waterpump waterexperience booster lifting flowrate household ",FALSE
"307","we are committed to doing every process patiently  browse our official website to get more information   grandfar grandfargroup water waterpump waterexperience booster lifting flowrate household industry municipal floorheating hotwater ",FALSE
"308"," increase in cation exchange capacity using kyminasi plant booster     harvestharmonics agriculture technology cropyield farming environment soils irrigationsystem cropbooster argriculturetechnology booster sustainability",FALSE
"309"," reduction in fertilizer usage    harvestharmonics agriculture technology cropyield farming environment soils irrigationsystem cropbooster argriculturetechnology booster sustainability climatechange water foodsecurity",FALSE
"310","gamedevelopment gamedeveloper game oyunsektörü oyungelitirme mobilegames mobiloyun oyungelistirme gamedev thegamecircle kulucka booster games oyun hypercasual casual oyungiriimi oyungiriimcisi oyunyayncs oyungelitirici",FALSE
"311","a thousand scientific trials on this    harvestharmonics agriculture technology cropyield farming environment soils irrigationsystem cropbooster argriculturetechnology booster sustainability climatechange water foodsecurity",FALSE
"312","comment booster ses performances intellectuelles   conseils personnel booster performances intellectuelles performancesintellectuelles intellectualperformance ",FALSE
"313","walk in clinic open  on saturday th november from am  pm  at greens norton community centre towcester rd nn aw  come  see our lovely nurses  get vaccinated   ages  all welcome    covid booster wellness wellbeing safeguardingadultsweek ",FALSE
"314"," fabricant français de eliquides et darômes pour le diy eliquide ecigarette vape vapoteur diy cigaretteélectronique base nicotine arôme vaping basenicotinée booster flacon résistance gard france ",FALSE
"315","endlich ist es so weit unser erster daily deal in der legends week ist da  gönnt euch euren lieblingsbooster  legt euch schon mal einen vorrat für den winter an    teamjustlegends justlegends booster monday legendsweek blackfriday sale sparen ",FALSE
"316","zwarte humor ik hou ervan vaccinatie herhaalprik ggd booster energierekening energieprijzen gecreëerdecrisissen oversterfte myocarditis vaccinatieschade pcrleugen coronabedrog ",FALSE
"317","abschiedsbrief ist geschrieben ich hol mir jetzt noch den  booster und dann spring ich vom balkon  ",FALSE
"318","baisse de prix lot de   boosters eb épée et bouclier  astres radieux sous blister   ancien prix      cartes pokémon jcc tcg jccpokemon pokemontcg cartespokemon booster",FALSE
"319","marketingtips desafíos y oportunidades clave para hacer negocios en europa    kompass easybusiness basedatosue booster bb hacernegocios mercadoeuropeo servicioscomercio ",FALSE
"320","titre booster allez ciao  the black crowes  she talks to angels acoustic live  theblackcrowes ",FALSE
"321","discussion protection vs infection waned after booster  suggested an imprinting effect of compromised protection relative to the primary series  imprinting effects are unlikely  to negate the overall public health value of booster   covid ",FALSE
"322","businesstips key challenges and opportunities of doing business in europe  read more   kompass easybusiness eudatabase booster bb doingbusiness europeanmarket tradeservices ",FALSE
"323","yeah booster is amazing but have you tried it with lemons mix it up and let us know like and share the page   more info  booster cider mixers refreshing malawi ",FALSE
"324","orders are still coming in we cant stop  working  antenna antennas order wifi wifirouter router iot network booster repeater wirelesee gsm gps feeder network ",FALSE
"325","plotseling overledendied suddenly streaming  november  diedsuddenly plotseling sads oversterfte vaccinatieschade vaccinatiedoden hartaanval beroerte turbokanker kanker myocarditis booster vaccinatie herhaalprik tribunaal ernst hugo ",FALSE
"326","utiliser la vidéo pour booster lengagement de ses collaborateurs   ",FALSE
"327","jail for those who administered the vaccine clotshot booster and its vaccinedamage vaccineinjuries vaccinesideeffects vaccinedeaths diedsuddenlynews diedsuddenly sads suddendeath suddenadultdeathsyndrome wakeup donoharm ",FALSE
"328","   top lion  dataprocess  emc family god musique real madrid be   et autres pays   booster god  with twitter google plus    up god larbuisson jeanpatrick post autobank stop war  repost eai",FALSE
"329"," disclaimer kannatan thln rokotussuosituksia  varianttien jahtaaminen säätämällä mrnarokotteita ei ole kestävä strategia tarve on paremmille rokotesuunnitelmille mutta se vaatii asennemuutosta hallituksen tasolla moore sanoi booster tiede",FALSE
"330","vaccine booster shot injection covid corona awareness ",FALSE
"331","cloves  benefits uses nutrition  healthy recipes    booster cholesterol cinnamon fiber foods getgreengetgrowing gngagritech greenstories health healthy immunesystem medicine seeds",FALSE
"332","green tea vs protein shake whats better to drink before and after a workout    booster fitness getgreengetgrowing gngagritech greenstories greentea gym health protein proteinshake weightloss workout worlout",FALSE
"333","facebook diedsuddenly because they hide the truth of the vaccinated  booster ",FALSE
"334","  booster vaccine covid",FALSE
"335","another foil legendary this time from a steel chest   shibaeternity  ccg  cryptocurrency  cardgame epic shibainu shibarmystrong booster  gamefi defi  shib etc btc bitethai woof woof ",FALSE
"336","vaxxed diedsuddenlynews adversereaction vaxreaction clotshot booster ",FALSE
"337","vaxxed diedsuddenlynews adversereaction vaxreaction clotshot booster pfizer ",FALSE
"338","vaxxed diedsuddenlynews adversereaction vaxreaction clotshot booster ",FALSE
"339","tetap patuhi protokol kesehatan untuk menghindari penularan virus covid prokes covid taatprokes ayovaksin booster ",FALSE
"340","tidak bosanbosan mengingatkan untuk selalu taat prokes dan lakukan vaksinasi lengkap serta booster booster ayovaksin covid vaksinlengkap ",FALSE
"341"," weiß jemand wie stark die impfkampagne in österreich läuft die durchimpfungsrate mit  dosen ist nur  davon auch nicht alle mit dem babooster  um neue varianten u weitere virusevolution zu bekämpfen bräuchten wir ganz schnell viele ba booster",FALSE
"342"," nice little seat you have there booster",FALSE
"343","hal hal positif yg keluar dari perkataan kita dan pikiran kita akan menjadi kenyataan begitupun sebaliknya bersukurlah dalam hal apapun hal hal baik  yg telah kita alami selama hidup kita  mood booster life habbit positivevibes",FALSE
"344","who do you support this time  booster ",FALSE
"345"," by      booster   campfire",FALSE
"346"," wissenschaftler mediziner und vulnerable könnten gegen corona als grosse gemeinschaft kämpfen die wichtigkeit von impfen booster lüftung  masken ständig propagieren gemeinsam könnten wir auch die politik leichter beeinflussen ich hoffe dass viele mitmachen werden",FALSE
"347","bezint eer ge begint   oversterfte vaccinatieschade ggd herhaalprik booster hugodejonge ernstkuipers waarligtjouwgrens  ",FALSE
"348","enjoy your gatherings without flu or covid getting in the way va offers flu vaccines and covid primary and booster shots to keep you healthy  healthyholiday",FALSE
"349","me reading about possible side effects after having had my c and flu boosters c booster flu ",FALSE
"350","impfkampagne gescheitert lediglich  millionen menschen haben sich bisher den zweiten boostershot injizieren lassen booster impfung deutschland leipzig",FALSE
"351","coronavirus booster shots boosting immunity or profits  ",FALSE
"352","coronavirus booster shots boosting immunity or profits  ",FALSE
"353","people previously infected with covid had a significantly diminished ability to neutralize the omicron ba and ba subvariants especially if they were unvaccinated please get the free covid bivalent omicron booster vaccine asap now available  ",FALSE
"354","   sisley hydra global serum antiaging hydration booster unisex serum clear  fl  sisley hydra global serum antiaging hydration booster unisex fashion lifestyle   are you ready to be pretty ",FALSE
"355","      covid covidvaccine ko lekar he dhandhli kyon ho rahi hai maine booster dose liya bhi nahi par bokarohealthcamp me paper par mujhe dose lagakar mere mobile pe congrats ka message bhi bheja diya gaya ",FALSE
"356","keine sorge das warten hat schon ganz bald ein ende  unsere gaming adventskalender verlassen ab mittwoch endlich das lager   mememonday adventskalender gaming booster weihnachten teamjustlegends justlegends ",FALSE
"357"," ich bekomme morgen meinen zweiten booster",FALSE
"358","dat wordt weer een wij van wc eend pfizer mrnavaccins mrna vaccinatie vaccinatieschade myocarditis hartaanval sads vaccinatiedoden democide moderna booster herhaalprik ",FALSE
"359","vaccination edition of gotta have it both ways an obscure german comedy reference that doesnt translate well into english   just got the coronavirus booster vaccination by moderna comirnaty vs wildtype  baba in one arm and the current influenca ",FALSE
"360"," neue studie zeigt die neuen omikronspezifischen mrnacovidbooster sind weniger als nutzlos  ",FALSE
"361","wat is het verschil tussen de vernieuwde coronavaccins ba en ba coronavaccin coronavirus vaccin vaccinatie booster ",FALSE
"362","good monday morning friends     wants us to seize the time before holiday gatherings get the latest covid booster  flushot    wants us to seize the time  w angeladavis   all that at  on   fm ",FALSE
"363","whats kyminasi plant booster first breakthrough    harvestharmonics agriculture technology cropyield farming environment soils irrigationsystem cropbooster argriculturetechnology booster sustainability climatechange water",FALSE
"364","canadian navy to mandate covid boosters for sailors at sea leaked memo    publichealth publichealthnews canda navy covid booster memo mandate ",FALSE
"365","  a reminder that everyone aged  and over can get their covid booster vaccination  save time get your covid and flu jabs at the same time if offered  lets continue to keep ourselves and southwark safe   partnershipsouthwark    ",FALSE
"366"," fabricant français de eliquides et darômes pour le diy eliquide ecigarette vape vapoteur diy cigaretteélectronique base nicotine arôme vaping basenicotinée booster flacon résistance gard france ",FALSE
"367","this thursday in beckleywv free covid testing vaccination booster clinic ",FALSE
"368","   la prairie anti aging rapid response booster  la prairie anti aging rapid response booster fashion lifestyle   are you ready to be pretty ",FALSE
"369","   la prairie anti aging rapid response booster  la prairie anti aging rapid response booster fashion lifestyle   are you ready to be pretty ",FALSE
"370"," no i have never had the flu so there was never a reason to take a fluvaccine i did have a flushot a jandj vaccine and booster and a second pneumococcal vaccine in around june of  though i want vaccinemanufacturers to accept liability  products  show studies",FALSE
"371","finally got my covid booster thanks to  and team for a pleasant experience didnt even feel the needle go in  vaccineswork ",FALSE
"372","moderna incsaid its omicrontailored vaccines produced a better immune response against the ba subvariants in a midtolate stage study when given as a booster dose compared with its original shot  covid moderna vaccine booster",FALSE
"373","hmmm going forward no matter what  dta massachusetts  myocarditis covid booster ",FALSE
"374"," how many covid shots have you had booster",FALSE
"375","new covid booster strengthens immune response against subvariants moderna says news booster covid immune moderna response strengthens subvariants news booster covid immune moderna response strengthens subvariants ",FALSE
"376","nice try i see what you did there  year  remember loving my gym gains healthier than ever unvaxxed an unboosted an dont regret one minute of it not taking your bejing cocktail of chemically toxic bs vaxxed booster notimetodie o",FALSE
"377","de australische vaccinadviesgroep geeft geen toestemming voor het toedienen van een vierde covidbooster aan mensen onder de dertig vanwege het verhoogde risico op myocarditis  ontsteking van de hartspier     australië booster myocarditis atagi ",FALSE
"378","getting my booster  sun in my face dog by my side and music in my ears happyandhealthy outside nature naturalbooster ",FALSE
"379"," structuredirected mutagenesis produces thermostable sarscov spike protein trimers with potential vaccine booster applications       mutagenesis sarscov spike vaccine booster",FALSE
"380"," structuredirected mutagenesis produces thermostable sarscov spike protein trimers with potential vaccine booster applications       mutagenesis sarscov spike vaccine booster",FALSE
"381","structuredirected mutagenesis produces thermostable sarscov spike protein trimers with potential vaccine booster applications       mutagenesis sarscov spike vaccine booster ",FALSE
"382"," fabricant français de eliquides et darômes pour le diy eliquide ecigarette vape vapoteur diy cigaretteélectronique base nicotine arôme vaping basenicotinée booster flacon résistance gard france ",FALSE
"383","boost your immunity with the covid vaccine   the covid vaccination bus is back at bedford street north shields on tuesday  november am  pm to vaccinate eligible groups  vaccine booster northtyneside     ",FALSE
"384","storing gaat nu derde week in hoe toevallig en wat komt dit goed uit ema corruptie vaccinatieschade vaccinatie herhaalprik gifprik booster pfizer moderna oversterfte democide ",FALSE
"385","quack dr on  was just on still pushing people to get the covid booster dont know bout yall but over the past few years my healthy skepticism of the mainstream medical community now borders on outright distrust covid booster",FALSE
"386"," auch vor  jahr schon glaubte diese booster gruppe selbst nicht daran oder weshalb tragen sie masken",FALSE
"387","propaganda ipv gedegen voorlichting corona covid booster herhaalprik ",FALSE
"388","geschäftsführungtipps wichtige herausforderungen und chancen für die geschäftstätigkeit in den usa  weiterlesen   kompass easybusiness usadatenbank booster bb geschäftsführung straßenkarte usmarkt handeldienstleistungen ",FALSE
"389","kiddo  i got both bivalent booster  flu vax sat am no effects for the kid beyond sore arm me sore arm  i slept all day sunwas insanely tired but didnt feel bad protect yourself  othersget vaccinated vaccination covidvaccine booster covidbooster fluvaccine",FALSE
"390","da es scheinbar immer noch nachfragen gibt ob ich denn überhaupt gegen corona grippe affenpocken herpes und allgemeine verbloedung geschützt sei ja natürlich und ich nehme auch jeden booster mit den ich kriegen kann ",FALSE
"391","lunico booster che conosco ",FALSE
"392"," stamattina ho fatto il booster pure io ",FALSE
"393","titre booster pas trop non plus allez ciao  jj cale after midnight feat leon russel  jjcale leonrussel ",FALSE
"394","les auditions des candidats retenus pour le prix booster  cest demain   conférence douverture  climat et qualité de lair pr thomas lauvaux chaire de professeur junior gsma  programme   entrée libre ",FALSE
"395","ignorierte studien coronavakzine mit hohen risiken fürs herz und umgekehrter wirksamkeit booster herbst  ",FALSE
"396","qmportfolio more cities in china are welcoming s inhaled covid vaccine convidecia air  after shanghai and jiangsu province tianjin officially introduced convidecia air in its booster program   ",FALSE
"397","grandfar gjsm series jet pump can totally meet the needs of boosting  domestic applications  browse our official website to get more information   grandfar grandfargroup water waterpump waterexperience booster lifting flowrate ",FALSE
"398","restock pokémon tempête argentée eb  blister bs fr éditeur  pokémon company international version      cartes pokémon jcc tcg jccpokemon pokemontcg cartespokemon booster",FALSE
"399","restock pokémon tempête argentée eb  blister bs fr éditeur  pokémon company international version      cartes pokémon jcc tcg jccpokemon pokemontcg cartespokemon booster",FALSE
"400","its advisable to have a booster doze after receiving your covid  vaccine boosters increase the body immunity  booster   book your appointment for the booster doze now ",FALSE
"401","de deugmensch is intens kortzichtig en verwart egoïsme te vaak met democratie   ik heb toch nergens last van voel me prima freedom ik kan nu wel op wintersport  erg benieuwd hoe ze in  in het leven zullen staan na de e booster oversterfte booster bijwerkingen",FALSE
"402"," myokarditis nach boosterimpfung laut uni basel  mal häufiger als erwartet  quelle  die realität entwickelt sich auch immer mehr zum schwurbler impfschaeden   aber schön dass sie sich endlich als schwurbler outen  das war der erste schritt ",FALSE
"403","devote more time to your energy boosters for mental health  careme   booster mentalhealth coachveena love  energy counselling psychology ",FALSE
"404","organic natural  call us     infocom  organic natural shilajith  healthbooster humunitybooster booster healthynutrition vitals organiclife lifestyle ",FALSE
"405","   la prairie anti aging rapid response booster  la prairie anti aging rapid response booster fashion lifestyle   are you ready to be pretty ",FALSE
"406","booster   hugo de jonge   het is niet wat het lijkt ",FALSE
"407","g panel antenna dont live up to your customers trust and expectations  feedback antenna antennas g g wifi network wireless wifirouter iot gsm repeater booster signal wifirouter router ",FALSE
"408","de ergste bijwerkingen van de coronaprik moeten nog komen  covid booster  ikprikhetniet   ",FALSE
"409","restock booster sous blister eb  origine perdue x fr      cartes pokémon jcc tcg jccpokemon pokemontcg cartespokemon booster",FALSE
"410"," vaccinedeaths vaccinesideeffects fauciliedmillionsdied vaccine covidisntover covid booster pfizer donotcomply maskup maskusdt engvspak ",FALSE
"411","cara tempah dos kedua booster di mysejahtera   buka mysejahtera dan klik covid  klik covid vaccination  klik vaccine for nama sendiri  tanggungan  panduan lanjut   vaksin covid  booster nddose pru  ge ",FALSE
"412","petsfit dog car seat this cute little teddy sits quietly in his seat does your puppy also need its own seat dog booster carbooster carboosterseat petsfit dogbed petseats travel travelwithpets teddy ",FALSE
"413","the vitamin c booster designer noble panacea vitamin noblepanacea booster makeup beauty ",FALSE
"414","restock pokémon eb  tempête argentée  pack  boosters togetic      cartes pokémon jcc tcg jccpokemon pokemontcg cartespokemon booster",FALSE
"415","restock pokémon eb  stars étincelantes  booster      cartes pokémon jcc tcg jccpokemon pokemontcg cartespokemon booster",FALSE
"416","restock     pokémon eb booster      cartes pokémon jcc tcg jccpokemon pokemontcg cartespokemon booster",FALSE
"417","restock     booster cartes pokémon tempête argentée      cartes pokémon jcc tcg jccpokemon pokemontcg cartespokemon booster",FALSE
"418","restock     cartes pokémon booster eb origine perdue      cartes pokémon jcc tcg jccpokemon pokemontcg cartespokemon booster",FALSE
"419","restock     pack  boosters cartes pokémon tempête argentée      cartes pokémon jcc tcg jccpokemon pokemontcg cartespokemon booster",FALSE
"420","the  alienwarehomeplanet invasion is already happening g bluetooth is the projectbluebeam streamed directly to your consciousness   the shot  is netflix monthly booster  subscription service by your consentfemacamp quarantine is your own body hosea   ",FALSE
"421","vaccine booster pfizer moderna ",FALSE
"422","part  vaxbooster clinics continue in ma in the getboosted program participants in some communities including malden everett chelsea and revere get a  grocery gift card when they get a vaccine or booster view full list of clinics at  ",FALSE
"423","settle vaccine covid pfizer booster ",FALSE
"424","pfizerliedpeopledied booster my heart goes out to the people that fell for it for the greater good they said theirdemocracy ",FALSE
"425","boosted on my birthday  bivalent omicron vaxxed booster birthday    ",FALSE
"426","  by the way meinen zweiten booster bekam ich in einem wirklich interessanten privaten impfzentrum der impfarzt betrieb parallel auch ein öffentliches testzentrum und für beide einrichtungen gab es ein gemeinsames wartezimmer    infektionsschutz",FALSE
"427","ich wollte das nur nochmal unterstreichen  booster impfung wer das noch nicht hat ",FALSE
"428","small things that will make your day a little bit better booster ",FALSE
"429","covid covidvaccine booster pfizer world ",FALSE
"430","die völlig kritiklose tagipresse schreibt dass der piks kostenlos sei und  sowie die impfkommission ekif die auffrischung für personen ab  empfehle derweil die schweren impfschaeden sogar im deutschen örr ein thema sind booster ",FALSE
"431","gameday going to nd best instate rivalry in    we hope to see  and the crew soon   vsup govandals booster  ",FALSE
"432","booster ",FALSE
"433","selfdiscipline is the key booster ",FALSE
"434","im encouraging every democrat and the entire gop leadership to keep getting your boosters  booster  getvaccinated",FALSE
"435","if youre wondering if its safe to have wine after receiving one of the new bivalent covid vaccine booster shots the answer is here in   winelovers healthsafety covidvaccine sideeffects healthrisks",FALSE
"436"," i was recently at a superspreader wedding and my husband and i somehow managed to dodge it  booster",FALSE
"437","i got my booster no side effects have u got it yet do you dont you want to infect me  ignorant fools wont take the booster tell me tell me tell me the answer   vaccine covid covid covid maskup  beatles omicron vaccine vax booster voice",FALSE
"438","  hij zegt hier booster maar het is nu toch de herhaalprik  wat is het nu",FALSE
"439","whatever you do dont take the jab  booster ",FALSE
"440","restock pokémon eb  origine perdue  pack de  boosters  dimoret      cartes pokémon jcc tcg jccpokemon pokemontcg cartespokemon booster",FALSE
"441","restock pokémon eb  tempête argentée  pack  boosters manaphy      cartes pokémon jcc tcg jccpokemon pokemontcg cartespokemon booster",FALSE
"442","restock pokémon eb  origine perdue  booster      cartes pokémon jcc tcg jccpokemon pokemontcg cartespokemon booster",FALSE
"443","vaccine shot injection booster genetic device bioweapon genocide injury death murder ",FALSE
"444"," fabricant français de eliquides et darômes pour le diy eliquide ecigarette vape vapoteur diy cigaretteélectronique base nicotine arôme vaping basenicotinée booster flacon résistance gard france ",FALSE
"445","sunday funday so you know that means gtl guns tan laundry day   come catch a load wait  twitchstreamer pathtopartner looten hacker booster fivem gtarp gtavrp gta echorp",FALSE
"446","booster is niet zo lekker gevallen moe lusteloos  herkenbaar booster ziek corona",FALSE
"447"," geprikten zijn niet welkom met de kerst vaccinatiescam vaccinatie booster herhaalprik kerst ",FALSE
"448","adventskalender biontech mrna booster ",FALSE
"449","gelukkig bestaan er studies op zoek naar de waarheid het universitair ziekenhuis basel heeft in een wetenschappelijk onderzoek aangetoond dat de mrna booster x vaker de hartspier beschadigd vaccinatieschade  lees hier het hele onderzoek  ",FALSE
"450"," je kan niet moe genoeg zijn en blijven moe moeier moeist wens ik je toe hoe moeier hoe beter  zo moe word ik van jullie prikgekkies booster oppepprik herhaalprik",FALSE
"451","von der impfung kriegt man gürtelrose der edel booster macht nur den gürtel lose cheers ",FALSE
"452"," fabricant français de eliquides et darômes pour le diy eliquide ecigarette vape vapoteur diy cigaretteélectronique base nicotine arôme vaping basenicotinée booster flacon résistance gard france ",FALSE
"453"," vaccinatieschade oversterfte zondag booster   cda voorzitter ",FALSE
"454","  denial after over a year  throughout which vaccine and booster were free of charge nationwide  anyone who chose to not get them chose the risk lawyer term assumption of risk",FALSE
"455","impfen kinder impftermin u jugendliche booster schleswigholstein erwachsene  kinderimpfung boosterimpfung  impfung impfung ",FALSE
"456","nou zeker ben ik moe van al die mensen die zonder reden een booster prik hebben gehaald en er dan over klagen dat hun experimentele prik bijwerkingen heeft  ursula heeft er nog zes voor je ingekocht dus blijf effe lekker je mouw opstropen ",FALSE
"457","pague menos booster facial vult glow  radiante g r  desconto oferta promocao booster ",FALSE
"458","pague menos booster facial vult relax energizante g r  desconto oferta promocao booster ",FALSE
"459","myokarditis nach boosterimpfung laut uni basel  mal häufiger als erwartet die realität entwickelt sich auch immer mehr zum schwurbler impfschaeden",FALSE
"460","die milde myokarditis sollte jeder mal gehabt haben sonst kann man da nicht mitreden auf zum impfenschuetzt booster ",FALSE
"461","  box booster mtg brotherswar bro mtgbromagicthegathering ",FALSE
"462"," fabricant français de eliquides et darômes pour le diy eliquide ecigarette vape vapoteur diy cigaretteélectronique base nicotine arôme vaping basenicotinée booster flacon résistance gard france ",FALSE
"463"," unmittelbar nach covidinfektion nach booster",FALSE
"464","brutal force brandnew legalsteroid only strong testogen testogen review testogen testogen brutalforce testosterone booster  do you like it then leaveus a ",FALSE
"465","guitar tube booster tubezoidb ",FALSE
"466","ik ga deze winter niet skiën dus ik hoef geen booster  denkenalsin",FALSE
"467","gj hemo booster extract help to increase hemoglobin counts in blood  benefits    help to improve bone strength  prevent infertility  buy now    buy more     cod available  hemobooster booster hemo extract orgoshops ",FALSE
"468","ik weet een beter tshirt voor je daar breng je anderen tenminste niet mee in gevaar  vaccinatieschade oversterfte tribunalen noamnesty wef wefpuppet booster herhaalprik  stoptheshots  ",FALSE
"469","   la prairie anti aging rapid response booster  la prairie anti aging rapid response booster fashion lifestyle   are you ready to be pretty ",FALSE
"470","australia  out of concern for healthandsafety of unders will not proffer them fourth covid vaccine rd booster  why do most humans choose to let their politicians do their thinking for them    then whine when they learn that their government got it wrong ",FALSE
"471","restock pokémon eb  tempête argentée  pack  boosters togetic      cartes pokémon jcc tcg jccpokemon pokemontcg cartespokemon booster",FALSE
"472","together with smdhu a covid vaccine booster clinic will be available at the baxter ward community centre  friday november    am to  pm walkin  georgianbay covid booster staysafegb smdhu ",FALSE
"473","sowas ist ein gutes beispiel von dem was ich impfsekte corona sekte etc nenne die wissenschaft die impfung nimmt die stellung ein von dem was für die gläubigen gott ist  das man sowas als gott nimmt ist einfach komplett gestört  corona impfung booster sekte ",FALSE
"474","eu gute neue boostermöglichkeit geg covid  coronavarianten v  u  auf basis erprobter proteinimpfstofftechnologie was ich  jahr nach d  impfung einplane vidprevtyn beta breitere art d immunantwort als die bivalenten booster gt ",FALSE
"475"," fabricant français de eliquides et darômes pour le diy eliquide ecigarette vape vapoteur diy cigaretteélectronique base nicotine arôme vaping basenicotinée booster flacon résistance gard france ",FALSE
"476","covid article  with new charts  omicron xbb bq bf virus vaccine booster frankmorano rcamposduffy morningjoe amyewalter kayleighmcenany benshapiro prageru coasttocoastam kerpen nouriel elerianm nntaleb mishgea geraldcelente wsj",FALSE
"477","live ouverture de  mystery pack pokémon   rendezvous à h      pokemon cartes pokemoncommunity pokemoncards pokemontcg tcg collectionpokemon pkm booster foryou livepokemon opening cartepokemon mysterypack",FALSE
"478","dokter artsen booster hart pfizer gezondheid sint haarlem zondag boeren protesten    belangrijke les  geef uw lijf niet onvoorwaardelijk over aan de dokter hij is geen gezondheidsdictator maar een adviseur ",FALSE
"479","unders antivirals clotshot itneverworked booster ",FALSE
"480","       joaquin you more than most know the biden administration has moved mountains to give americans every available option to stop covid  look at how many are wearing masks or getting their booster  what exactly are we supposed to do  force them   ",FALSE
"481","looking for a spot to get your covid booster in the coming days here are a few options  the magic lantern theater  depot st in bridgton is hosting a family clinic on wed nov  from pmpm everyone m is welcome ",FALSE
"482","th of the th  we will never forget never  lestweforget covid vaccinedeaths booster covid covidisnotover donotcomply ",FALSE
"483","zorgpremie zondag wnlopzondag opnpo booster herhaalprik oversterfte boerenprotest   als je leven je lief is niet halen ",FALSE
"484","vraag wat denken jullie a hij heeft hier echt booster gehad b dit is een propaganda foto zonder echte vaccinatie   booster vaccinatieschade ",FALSE
"485","nieuwsuur boekestijnendewijk covid corona  detelegraaf bnr denieuwewereld nos wierd op vaccinatie pfizer vaccinatieschade ctb coronapas lockdowns booster rudybouma rivm kuipers koopmans rivm jinek    ",FALSE
"486","pokemon tcg opening halloween special booster auf youtube live channel malphus video link   wurde auf twitchtv live aufgenommen ich mache regelmäßig openings dort und poste die videos später auf youtube twitchde ",FALSE
"487","liebes          uns alle die an zellbiologie interessiert sind könnten sie sich diese daten einmal anschauen und kommentieren ist dringend impfung immunsystem booster failed ",FALSE
"488","booster onzin  ",FALSE
